{
  "dataset_revision": "f22508f96b7a36c2415181ed8bb76f76e04ae2d5",
  "task_name": "AppsRetrieval",
  "mteb_version": "2.15.1",
  "scores": {
    "test": [
      {
        "ndcg_at_1": 0.25737,
        "ndcg_at_3": 0.32017,
        "ndcg_at_5": 0.34133,
        "ndcg_at_10": 0.36361,
        "ndcg_at_20": 0.38285,
        "ndcg_at_100": 0.41643,
        "ndcg_at_1000": 0.43995,
        "map_at_1": 0.25737,
        "map_at_3": 0.30429,
        "map_at_5": 0.31607,
        "map_at_10": 0.32533,
        "map_at_20": 0.33055,
        "map_at_100": 0.33503,
        "map_at_1000": 0.33585,
        "recall_at_1": 0.25737,
        "recall_at_3": 0.36627,
        "recall_at_5": 0.41753,
        "recall_at_10": 0.48606,
        "recall_at_20": 0.56255,
        "recall_at_100": 0.74608,
        "recall_at_1000": 0.93519,
        "accuracy": 0.25737,
        "precision_at_1": 0.25737,
        "precision_at_3": 0.12209,
        "precision_at_5": 0.08351,
        "precision_at_10": 0.04861,
        "precision_at_20": 0.02813,
        "precision_at_100": 0.00746,
        "precision_at_1000": 0.00094,
        "mrr_at_1": 0.257371,
        "mrr_at_3": 0.304294,
        "mrr_at_5": 0.31602,
        "mrr_at_10": 0.325322,
        "mrr_at_20": 0.330546,
        "mrr_at_100": 0.335026,
        "mrr_at_1000": 0.335841,
        "nauc_ndcg_at_1_max": 0.53965,
        "nauc_ndcg_at_1_std": 0.011389,
        "nauc_ndcg_at_1_diff1": 0.588488,
        "nauc_ndcg_at_3_max": 0.521724,
        "nauc_ndcg_at_3_std": 0.044535,
        "nauc_ndcg_at_3_diff1": 0.517454,
        "nauc_ndcg_at_5_max": 0.513306,
        "nauc_ndcg_at_5_std": 0.054669,
        "nauc_ndcg_at_5_diff1": 0.500802,
        "nauc_ndcg_at_10_max": 0.506931,
        "nauc_ndcg_at_10_std": 0.063041,
        "nauc_ndcg_at_10_diff1": 0.489085,
        "nauc_ndcg_at_20_max": 0.50877,
        "nauc_ndcg_at_20_std": 0.078508,
        "nauc_ndcg_at_20_diff1": 0.483013,
        "nauc_ndcg_at_100_max": 0.511365,
        "nauc_ndcg_at_100_std": 0.089167,
        "nauc_ndcg_at_100_diff1": 0.485094,
        "nauc_ndcg_at_1000_max": 0.514037,
        "nauc_ndcg_at_1000_std": 0.081773,
        "nauc_ndcg_at_1000_diff1": 0.493224,
        "nauc_map_at_1_max": 0.53965,
        "nauc_map_at_1_std": 0.011389,
        "nauc_map_at_1_diff1": 0.588488,
        "nauc_map_at_3_max": 0.525927,
        "nauc_map_at_3_std": 0.036816,
        "nauc_map_at_3_diff1": 0.534302,
        "nauc_map_at_5_max": 0.52098,
        "nauc_map_at_5_std": 0.042472,
        "nauc_map_at_5_diff1": 0.52485,
        "nauc_map_at_10_max": 0.518304,
        "nauc_map_at_10_std": 0.045698,
        "nauc_map_at_10_diff1": 0.52011,
        "nauc_map_at_20_max": 0.518814,
        "nauc_map_at_20_std": 0.049858,
        "nauc_map_at_20_diff1": 0.51848,
        "nauc_map_at_100_max": 0.519202,
        "nauc_map_at_100_std": 0.051353,
        "nauc_map_at_100_diff1": 0.518723,
        "nauc_map_at_1000_max": 0.519305,
        "nauc_map_at_1000_std": 0.051231,
        "nauc_map_at_1000_diff1": 0.518974,
        "nauc_recall_at_1_max": 0.53965,
        "nauc_recall_at_1_std": 0.011389,
        "nauc_recall_at_1_diff1": 0.588488,
        "nauc_recall_at_3_max": 0.510202,
        "nauc_recall_at_3_std": 0.065671,
        "nauc_recall_at_3_diff1": 0.471201,
        "nauc_recall_at_5_max": 0.491522,
        "nauc_recall_at_5_std": 0.08929,
        "nauc_recall_at_5_diff1": 0.433082,
        "nauc_recall_at_10_max": 0.472089,
        "nauc_recall_at_10_std": 0.116416,
        "nauc_recall_at_10_diff1": 0.39592,
        "nauc_recall_at_20_max": 0.477375,
        "nauc_recall_at_20_std": 0.182929,
        "nauc_recall_at_20_diff1": 0.365378,
        "nauc_recall_at_100_max": 0.483291,
        "nauc_recall_at_100_std": 0.304483,
        "nauc_recall_at_100_diff1": 0.334238,
        "nauc_recall_at_1000_max": 0.509439,
        "nauc_recall_at_1000_std": 0.512897,
        "nauc_recall_at_1000_diff1": 0.280109,
        "nauc_precision_at_1_max": 0.53965,
        "nauc_precision_at_1_std": 0.011389,
        "nauc_precision_at_1_diff1": 0.588488,
        "nauc_precision_at_3_max": 0.510202,
        "nauc_precision_at_3_std": 0.065671,
        "nauc_precision_at_3_diff1": 0.471201,
        "nauc_precision_at_5_max": 0.491522,
        "nauc_precision_at_5_std": 0.08929,
        "nauc_precision_at_5_diff1": 0.433082,
        "nauc_precision_at_10_max": 0.472089,
        "nauc_precision_at_10_std": 0.116416,
        "nauc_precision_at_10_diff1": 0.39592,
        "nauc_precision_at_20_max": 0.477375,
        "nauc_precision_at_20_std": 0.182929,
        "nauc_precision_at_20_diff1": 0.365378,
        "nauc_precision_at_100_max": 0.483291,
        "nauc_precision_at_100_std": 0.304483,
        "nauc_precision_at_100_diff1": 0.334238,
        "nauc_precision_at_1000_max": 0.509439,
        "nauc_precision_at_1000_std": 0.512897,
        "nauc_precision_at_1000_diff1": 0.280109,
        "nauc_mrr_at_1_max": 0.53965,
        "nauc_mrr_at_1_std": 0.011389,
        "nauc_mrr_at_1_diff1": 0.588488,
        "nauc_mrr_at_3_max": 0.525927,
        "nauc_mrr_at_3_std": 0.036816,
        "nauc_mrr_at_3_diff1": 0.534302,
        "nauc_mrr_at_5_max": 0.520943,
        "nauc_mrr_at_5_std": 0.042444,
        "nauc_mrr_at_5_diff1": 0.524751,
        "nauc_mrr_at_10_max": 0.518298,
        "nauc_mrr_at_10_std": 0.045694,
        "nauc_mrr_at_10_diff1": 0.520094,
        "nauc_mrr_at_20_max": 0.518808,
        "nauc_mrr_at_20_std": 0.049854,
        "nauc_mrr_at_20_diff1": 0.518464,
        "nauc_mrr_at_100_max": 0.519196,
        "nauc_mrr_at_100_std": 0.051348,
        "nauc_mrr_at_100_diff1": 0.518707,
        "nauc_mrr_at_1000_max": 0.519299,
        "nauc_mrr_at_1000_std": 0.051226,
        "nauc_mrr_at_1000_diff1": 0.518958,
        "hit_rate_at_1": 0.25737,
        "hit_rate_at_3": 0.36627,
        "hit_rate_at_5": 0.41753,
        "hit_rate_at_10": 0.48606,
        "hit_rate_at_20": 0.56255,
        "hit_rate_at_100": 0.74608,
        "hit_rate_at_1000": 0.93519,
        "main_score": 0.36361,
        "hf_subset": "default",
        "languages": [
          "eng-Latn",
          "python-Code"
        ],
        "mteb_version": "2.15.1"
      }
    ]
  },
  "evaluation_time": 63.130781234940514,
  "kg_co2_emissions": null,
  "date": 1781055118.017549,
  "evaluation_phases": [
    {
      "name": "Data loading",
      "start": 0.0012393539072945714,
      "end": 11.69599657296203,
      "split": "",
      "subset": ""
    },
    {
      "name": "Dataset transform",
      "start": 11.696008235914633,
      "end": 11.696009558974765,
      "split": "",
      "subset": ""
    },
    {
      "name": "Encoding queries and documents",
      "start": 11.715843621990643,
      "end": 61.582482646917924,
      "split": "test",
      "subset": "default"
    },
    {
      "name": "Scoring",
      "start": 61.5833689419087,
      "end": 63.091228223987855,
      "split": "test",
      "subset": "default"
    }
  ]
}