{
  "dataset_revision": "b0f12fa0c0dd67f59c95a5c33d02aeeb4c398c5f",
  "task_name": "CodeFeedbackMT",
  "mteb_version": "2.15.1",
  "scores": {
    "test": [
      {
        "ndcg_at_1": 0.68713,
        "ndcg_at_3": 0.7413,
        "ndcg_at_5": 0.75258,
        "ndcg_at_10": 0.76277,
        "ndcg_at_20": 0.76921,
        "ndcg_at_100": 0.77836,
        "ndcg_at_1000": 0.78456,
        "map_at_1": 0.68713,
        "map_at_3": 0.7283,
        "map_at_5": 0.73458,
        "map_at_10": 0.73881,
        "map_at_20": 0.74062,
        "map_at_100": 0.74187,
        "map_at_1000": 0.74208,
        "recall_at_1": 0.68713,
        "recall_at_3": 0.77879,
        "recall_at_5": 0.80606,
        "recall_at_10": 0.83746,
        "recall_at_20": 0.86269,
        "recall_at_100": 0.9121,
        "recall_at_1000": 0.96227,
        "accuracy": 0.68713,
        "precision_at_1": 0.68713,
        "precision_at_3": 0.2596,
        "precision_at_5": 0.16121,
        "precision_at_10": 0.08375,
        "precision_at_20": 0.04313,
        "precision_at_100": 0.00912,
        "precision_at_1000": 0.00096,
        "mrr_at_1": 0.687128,
        "mrr_at_3": 0.728302,
        "mrr_at_5": 0.734584,
        "mrr_at_10": 0.738811,
        "mrr_at_20": 0.740616,
        "mrr_at_100": 0.741874,
        "mrr_at_1000": 0.742084,
        "nauc_ndcg_at_1_max": 0.621759,
        "nauc_ndcg_at_1_std": 0.091967,
        "nauc_ndcg_at_1_diff1": 0.861223,
        "nauc_ndcg_at_3_max": 0.629617,
        "nauc_ndcg_at_3_std": 0.104433,
        "nauc_ndcg_at_3_diff1": 0.839667,
        "nauc_ndcg_at_5_max": 0.627474,
        "nauc_ndcg_at_5_std": 0.110504,
        "nauc_ndcg_at_5_diff1": 0.834396,
        "nauc_ndcg_at_10_max": 0.631441,
        "nauc_ndcg_at_10_std": 0.122004,
        "nauc_ndcg_at_10_diff1": 0.833622,
        "nauc_ndcg_at_20_max": 0.633111,
        "nauc_ndcg_at_20_std": 0.127241,
        "nauc_ndcg_at_20_diff1": 0.833564,
        "nauc_ndcg_at_100_max": 0.636183,
        "nauc_ndcg_at_100_std": 0.13903,
        "nauc_ndcg_at_100_diff1": 0.832606,
        "nauc_ndcg_at_1000_max": 0.637147,
        "nauc_ndcg_at_1000_std": 0.137578,
        "nauc_ndcg_at_1000_diff1": 0.835037,
        "nauc_map_at_1_max": 0.621759,
        "nauc_map_at_1_std": 0.091967,
        "nauc_map_at_1_diff1": 0.861223,
        "nauc_map_at_3_max": 0.627946,
        "nauc_map_at_3_std": 0.100569,
        "nauc_map_at_3_diff1": 0.845424,
        "nauc_map_at_5_max": 0.626754,
        "nauc_map_at_5_std": 0.103593,
        "nauc_map_at_5_diff1": 0.842722,
        "nauc_map_at_10_max": 0.628316,
        "nauc_map_at_10_std": 0.107808,
        "nauc_map_at_10_diff1": 0.842568,
        "nauc_map_at_20_max": 0.628712,
        "nauc_map_at_20_std": 0.109075,
        "nauc_map_at_20_diff1": 0.842622,
        "nauc_map_at_100_max": 0.628981,
        "nauc_map_at_100_std": 0.110389,
        "nauc_map_at_100_diff1": 0.842505,
        "nauc_map_at_1000_max": 0.629023,
        "nauc_map_at_1000_std": 0.110378,
        "nauc_map_at_1000_diff1": 0.842582,
        "nauc_recall_at_1_max": 0.621759,
        "nauc_recall_at_1_std": 0.091967,
        "nauc_recall_at_1_diff1": 0.861223,
        "nauc_recall_at_3_max": 0.635064,
        "nauc_recall_at_3_std": 0.117774,
        "nauc_recall_at_3_diff1": 0.820182,
        "nauc_recall_at_5_max": 0.629563,
        "nauc_recall_at_5_std": 0.137566,
        "nauc_recall_at_5_diff1": 0.802765,
        "nauc_recall_at_10_max": 0.646207,
        "nauc_recall_at_10_std": 0.191373,
        "nauc_recall_at_10_diff1": 0.79385,
        "nauc_recall_at_20_max": 0.658863,
        "nauc_recall_at_20_std": 0.234219,
        "nauc_recall_at_20_diff1": 0.786816,
        "nauc_recall_at_100_max": 0.712104,
        "nauc_recall_at_100_std": 0.431295,
        "nauc_recall_at_100_diff1": 0.753381,
        "nauc_recall_at_1000_max": 0.845583,
        "nauc_recall_at_1000_std": 0.74125,
        "nauc_recall_at_1000_diff1": 0.747921,
        "nauc_precision_at_1_max": 0.621759,
        "nauc_precision_at_1_std": 0.091967,
        "nauc_precision_at_1_diff1": 0.861223,
        "nauc_precision_at_3_max": 0.635064,
        "nauc_precision_at_3_std": 0.117774,
        "nauc_precision_at_3_diff1": 0.820182,
        "nauc_precision_at_5_max": 0.629563,
        "nauc_precision_at_5_std": 0.137566,
        "nauc_precision_at_5_diff1": 0.802765,
        "nauc_precision_at_10_max": 0.646207,
        "nauc_precision_at_10_std": 0.191373,
        "nauc_precision_at_10_diff1": 0.79385,
        "nauc_precision_at_20_max": 0.658863,
        "nauc_precision_at_20_std": 0.234219,
        "nauc_precision_at_20_diff1": 0.786816,
        "nauc_precision_at_100_max": 0.712104,
        "nauc_precision_at_100_std": 0.431295,
        "nauc_precision_at_100_diff1": 0.753381,
        "nauc_precision_at_1000_max": 0.845583,
        "nauc_precision_at_1000_std": 0.74125,
        "nauc_precision_at_1000_diff1": 0.747921,
        "nauc_mrr_at_1_max": 0.621759,
        "nauc_mrr_at_1_std": 0.091967,
        "nauc_mrr_at_1_diff1": 0.861223,
        "nauc_mrr_at_3_max": 0.627946,
        "nauc_mrr_at_3_std": 0.100569,
        "nauc_mrr_at_3_diff1": 0.845424,
        "nauc_mrr_at_5_max": 0.626754,
        "nauc_mrr_at_5_std": 0.103593,
        "nauc_mrr_at_5_diff1": 0.842722,
        "nauc_mrr_at_10_max": 0.628316,
        "nauc_mrr_at_10_std": 0.107808,
        "nauc_mrr_at_10_diff1": 0.842568,
        "nauc_mrr_at_20_max": 0.628712,
        "nauc_mrr_at_20_std": 0.109075,
        "nauc_mrr_at_20_diff1": 0.842622,
        "nauc_mrr_at_100_max": 0.628981,
        "nauc_mrr_at_100_std": 0.110389,
        "nauc_mrr_at_100_diff1": 0.842505,
        "nauc_mrr_at_1000_max": 0.629023,
        "nauc_mrr_at_1000_std": 0.110378,
        "nauc_mrr_at_1000_diff1": 0.842582,
        "hit_rate_at_1": 0.68713,
        "hit_rate_at_3": 0.77879,
        "hit_rate_at_5": 0.80606,
        "hit_rate_at_10": 0.83746,
        "hit_rate_at_20": 0.86269,
        "hit_rate_at_100": 0.9121,
        "hit_rate_at_1000": 0.96227,
        "main_score": 0.76277,
        "hf_subset": "default",
        "languages": [
          "eng-Latn"
        ],
        "mteb_version": "2.15.1"
      }
    ]
  },
  "evaluation_time": 482.13950741500594,
  "kg_co2_emissions": null,
  "date": 1781056806.986117,
  "evaluation_phases": [
    {
      "name": "Data loading",
      "start": 0.00044165703002363443,
      "end": 18.86774425196927,
      "split": "",
      "subset": ""
    },
    {
      "name": "Dataset transform",
      "start": 18.86775549396407,
      "end": 18.86775773006957,
      "split": "",
      "subset": ""
    },
    {
      "name": "Encoding queries and documents",
      "start": 18.929693860001862,
      "end": 475.9817193140043,
      "split": "test",
      "subset": "default"
    },
    {
      "name": "Scoring",
      "start": 475.98264391801786,
      "end": 481.995468884008,
      "split": "test",
      "subset": "default"
    }
  ]
}