{
  "dataset_revision": "d213819e87aab9010628da8b73ab4eb337c89340",
  "task_name": "CodeFeedbackST",
  "mteb_version": "2.15.1",
  "scores": {
    "test": [
      {
        "ndcg_at_1": 0.72095,
        "ndcg_at_3": 0.82801,
        "ndcg_at_5": 0.8431,
        "ndcg_at_10": 0.85137,
        "ndcg_at_20": 0.85487,
        "ndcg_at_100": 0.85789,
        "ndcg_at_1000": 0.85867,
        "map_at_1": 0.72095,
        "map_at_3": 0.80289,
        "map_at_5": 0.81132,
        "map_at_10": 0.81482,
        "map_at_20": 0.81579,
        "map_at_100": 0.81623,
        "map_at_1000": 0.81626,
        "recall_at_1": 0.72095,
        "recall_at_3": 0.90021,
        "recall_at_5": 0.93663,
        "recall_at_10": 0.96173,
        "recall_at_20": 0.9755,
        "recall_at_100": 0.9915,
        "recall_at_1000": 0.99748,
        "accuracy": 0.72095,
        "precision_at_1": 0.72095,
        "precision_at_3": 0.30007,
        "precision_at_5": 0.18733,
        "precision_at_10": 0.09617,
        "precision_at_20": 0.04877,
        "precision_at_100": 0.00992,
        "precision_at_1000": 0.001,
        "mrr_at_1": 0.728582,
        "mrr_at_3": 0.807992,
        "mrr_at_5": 0.815992,
        "mrr_at_10": 0.819443,
        "mrr_at_20": 0.820409,
        "mrr_at_100": 0.820839,
        "mrr_at_1000": 0.820873,
        "nauc_ndcg_at_1_max": 0.199736,
        "nauc_ndcg_at_1_std": -0.327426,
        "nauc_ndcg_at_1_diff1": 0.807352,
        "nauc_ndcg_at_3_max": 0.210847,
        "nauc_ndcg_at_3_std": -0.382032,
        "nauc_ndcg_at_3_diff1": 0.758576,
        "nauc_ndcg_at_5_max": 0.20582,
        "nauc_ndcg_at_5_std": -0.383738,
        "nauc_ndcg_at_5_diff1": 0.762225,
        "nauc_ndcg_at_10_max": 0.202506,
        "nauc_ndcg_at_10_std": -0.376393,
        "nauc_ndcg_at_10_diff1": 0.766839,
        "nauc_ndcg_at_20_max": 0.204631,
        "nauc_ndcg_at_20_std": -0.368937,
        "nauc_ndcg_at_20_diff1": 0.769831,
        "nauc_ndcg_at_100_max": 0.205854,
        "nauc_ndcg_at_100_std": -0.363755,
        "nauc_ndcg_at_100_diff1": 0.772469,
        "nauc_ndcg_at_1000_max": 0.206181,
        "nauc_ndcg_at_1000_std": -0.363337,
        "nauc_ndcg_at_1000_diff1": 0.773175,
        "nauc_map_at_1_max": 0.199736,
        "nauc_map_at_1_std": -0.327426,
        "nauc_map_at_1_diff1": 0.807352,
        "nauc_map_at_3_max": 0.207711,
        "nauc_map_at_3_std": -0.365053,
        "nauc_map_at_3_diff1": 0.773041,
        "nauc_map_at_5_max": 0.205191,
        "nauc_map_at_5_std": -0.365099,
        "nauc_map_at_5_diff1": 0.775417,
        "nauc_map_at_10_max": 0.204014,
        "nauc_map_at_10_std": -0.362147,
        "nauc_map_at_10_diff1": 0.777239,
        "nauc_map_at_20_max": 0.204521,
        "nauc_map_at_20_std": -0.360355,
        "nauc_map_at_20_diff1": 0.77796,
        "nauc_map_at_100_max": 0.204539,
        "nauc_map_at_100_std": -0.359815,
        "nauc_map_at_100_diff1": 0.778264,
        "nauc_map_at_1000_max": 0.204578,
        "nauc_map_at_1000_std": -0.359777,
        "nauc_map_at_1000_diff1": 0.778286,
        "nauc_recall_at_1_max": 0.199736,
        "nauc_recall_at_1_std": -0.327426,
        "nauc_recall_at_1_diff1": 0.807352,
        "nauc_recall_at_3_max": 0.226652,
        "nauc_recall_at_3_std": -0.468979,
        "nauc_recall_at_3_diff1": 0.685057,
        "nauc_recall_at_5_max": 0.208356,
        "nauc_recall_at_5_std": -0.52729,
        "nauc_recall_at_5_diff1": 0.663314,
        "nauc_recall_at_10_max": 0.175068,
        "nauc_recall_at_10_std": -0.543945,
        "nauc_recall_at_10_diff1": 0.648598,
        "nauc_recall_at_20_max": 0.202942,
        "nauc_recall_at_20_std": -0.484195,
        "nauc_recall_at_20_diff1": 0.645199,
        "nauc_recall_at_100_max": 0.328913,
        "nauc_recall_at_100_std": -0.270407,
        "nauc_recall_at_100_diff1": 0.625313,
        "nauc_recall_at_1000_max": 0.655545,
        "nauc_recall_at_1000_std": 0.040596,
        "nauc_recall_at_1000_diff1": 0.557275,
        "nauc_precision_at_1_max": 0.199736,
        "nauc_precision_at_1_std": -0.327426,
        "nauc_precision_at_1_diff1": 0.807352,
        "nauc_precision_at_3_max": 0.226652,
        "nauc_precision_at_3_std": -0.468979,
        "nauc_precision_at_3_diff1": 0.685057,
        "nauc_precision_at_5_max": 0.208356,
        "nauc_precision_at_5_std": -0.52729,
        "nauc_precision_at_5_diff1": 0.663314,
        "nauc_precision_at_10_max": 0.175068,
        "nauc_precision_at_10_std": -0.543945,
        "nauc_precision_at_10_diff1": 0.648598,
        "nauc_precision_at_20_max": 0.202942,
        "nauc_precision_at_20_std": -0.484195,
        "nauc_precision_at_20_diff1": 0.645199,
        "nauc_precision_at_100_max": 0.328913,
        "nauc_precision_at_100_std": -0.270407,
        "nauc_precision_at_100_diff1": 0.625313,
        "nauc_precision_at_1000_max": 0.655545,
        "nauc_precision_at_1000_std": 0.040596,
        "nauc_precision_at_1000_diff1": 0.557275,
        "nauc_mrr_at_1_max": 0.198471,
        "nauc_mrr_at_1_std": -0.331878,
        "nauc_mrr_at_1_diff1": 0.793832,
        "nauc_mrr_at_3_max": 0.208689,
        "nauc_mrr_at_3_std": -0.369531,
        "nauc_mrr_at_3_diff1": 0.762397,
        "nauc_mrr_at_5_max": 0.205348,
        "nauc_mrr_at_5_std": -0.369913,
        "nauc_mrr_at_5_diff1": 0.764704,
        "nauc_mrr_at_10_max": 0.20421,
        "nauc_mrr_at_10_std": -0.366916,
        "nauc_mrr_at_10_diff1": 0.766423,
        "nauc_mrr_at_20_max": 0.204737,
        "nauc_mrr_at_20_std": -0.365156,
        "nauc_mrr_at_20_diff1": 0.767091,
        "nauc_mrr_at_100_max": 0.204775,
        "nauc_mrr_at_100_std": -0.364597,
        "nauc_mrr_at_100_diff1": 0.767376,
        "nauc_mrr_at_1000_max": 0.204816,
        "nauc_mrr_at_1000_std": -0.364559,
        "nauc_mrr_at_1000_diff1": 0.767395,
        "hit_rate_at_1": 0.72095,
        "hit_rate_at_3": 0.90021,
        "hit_rate_at_5": 0.93663,
        "hit_rate_at_10": 0.96173,
        "hit_rate_at_20": 0.9755,
        "hit_rate_at_100": 0.9915,
        "hit_rate_at_1000": 0.99748,
        "main_score": 0.85137,
        "hf_subset": "default",
        "languages": [
          "eng-Latn"
        ],
        "mteb_version": "2.15.1"
      }
    ]
  },
  "evaluation_time": 1003.0278052140493,
  "kg_co2_emissions": null,
  "date": 1781057920.105036,
  "evaluation_phases": [
    {
      "name": "Data loading",
      "start": 0.0003765339497476816,
      "end": 21.284160607960075,
      "split": "",
      "subset": ""
    },
    {
      "name": "Dataset transform",
      "start": 21.284171364968643,
      "end": 21.28417278500274,
      "split": "",
      "subset": ""
    },
    {
      "name": "Encoding queries and documents",
      "start": 21.431026903912425,
      "end": 985.6526628289139,
      "split": "test",
      "subset": "default"
    },
    {
      "name": "Scoring",
      "start": 985.6536842789501,
      "end": 1002.5649452019716,
      "split": "test",
      "subset": "default"
    }
  ]
}