{
  "dataset_revision": "20da4eb20a4b17300c0986ee148c90867a7f2a4d",
  "task_name": "CodeTransOceanContest",
  "mteb_version": "2.15.1",
  "scores": {
    "test": [
      {
        "ndcg_at_1": 0.65611,
        "ndcg_at_3": 0.72226,
        "ndcg_at_5": 0.7279,
        "ndcg_at_10": 0.74091,
        "ndcg_at_20": 0.75836,
        "ndcg_at_100": 0.77451,
        "ndcg_at_1000": 0.77809,
        "map_at_1": 0.65611,
        "map_at_3": 0.70739,
        "map_at_5": 0.71056,
        "map_at_10": 0.71582,
        "map_at_20": 0.72075,
        "map_at_100": 0.72306,
        "map_at_1000": 0.72321,
        "recall_at_1": 0.65611,
        "recall_at_3": 0.76471,
        "recall_at_5": 0.77828,
        "recall_at_10": 0.819,
        "recall_at_20": 0.88688,
        "recall_at_100": 0.97285,
        "recall_at_1000": 1.0,
        "accuracy": 0.65611,
        "precision_at_1": 0.65611,
        "precision_at_3": 0.2549,
        "precision_at_5": 0.15566,
        "precision_at_10": 0.0819,
        "precision_at_20": 0.04434,
        "precision_at_100": 0.00973,
        "precision_at_1000": 0.001,
        "mrr_at_1": 0.656109,
        "mrr_at_3": 0.707391,
        "mrr_at_5": 0.710558,
        "mrr_at_10": 0.715823,
        "mrr_at_20": 0.720754,
        "mrr_at_100": 0.723061,
        "mrr_at_1000": 0.72321,
        "nauc_ndcg_at_1_max": 0.784434,
        "nauc_ndcg_at_1_std": -0.066122,
        "nauc_ndcg_at_1_diff1": 0.866471,
        "nauc_ndcg_at_3_max": 0.780798,
        "nauc_ndcg_at_3_std": 0.044649,
        "nauc_ndcg_at_3_diff1": 0.826639,
        "nauc_ndcg_at_5_max": 0.796718,
        "nauc_ndcg_at_5_std": 0.057132,
        "nauc_ndcg_at_5_diff1": 0.82996,
        "nauc_ndcg_at_10_max": 0.797046,
        "nauc_ndcg_at_10_std": 0.059247,
        "nauc_ndcg_at_10_diff1": 0.819658,
        "nauc_ndcg_at_20_max": 0.789516,
        "nauc_ndcg_at_20_std": 0.039051,
        "nauc_ndcg_at_20_diff1": 0.821864,
        "nauc_ndcg_at_100_max": 0.791302,
        "nauc_ndcg_at_100_std": 0.026293,
        "nauc_ndcg_at_100_diff1": 0.829702,
        "nauc_ndcg_at_1000_max": 0.790915,
        "nauc_ndcg_at_1000_std": 0.029731,
        "nauc_ndcg_at_1000_diff1": 0.831091,
        "nauc_map_at_1_max": 0.784434,
        "nauc_map_at_1_std": -0.066122,
        "nauc_map_at_1_diff1": 0.866471,
        "nauc_map_at_3_max": 0.783026,
        "nauc_map_at_3_std": 0.019935,
        "nauc_map_at_3_diff1": 0.837111,
        "nauc_map_at_5_max": 0.792052,
        "nauc_map_at_5_std": 0.026849,
        "nauc_map_at_5_diff1": 0.839102,
        "nauc_map_at_10_max": 0.791898,
        "nauc_map_at_10_std": 0.027605,
        "nauc_map_at_10_diff1": 0.835204,
        "nauc_map_at_20_max": 0.789917,
        "nauc_map_at_20_std": 0.021787,
        "nauc_map_at_20_diff1": 0.836112,
        "nauc_map_at_100_max": 0.790093,
        "nauc_map_at_100_std": 0.019757,
        "nauc_map_at_100_diff1": 0.836921,
        "nauc_map_at_1000_max": 0.790094,
        "nauc_map_at_1000_std": 0.020006,
        "nauc_map_at_1000_diff1": 0.837019,
        "nauc_recall_at_1_max": 0.784434,
        "nauc_recall_at_1_std": -0.066122,
        "nauc_recall_at_1_diff1": 0.866471,
        "nauc_recall_at_3_max": 0.772631,
        "nauc_recall_at_3_std": 0.125909,
        "nauc_recall_at_3_diff1": 0.791267,
        "nauc_recall_at_5_max": 0.814343,
        "nauc_recall_at_5_std": 0.162452,
        "nauc_recall_at_5_diff1": 0.798258,
        "nauc_recall_at_10_max": 0.820584,
        "nauc_recall_at_10_std": 0.187342,
        "nauc_recall_at_10_diff1": 0.750964,
        "nauc_recall_at_20_max": 0.777812,
        "nauc_recall_at_20_std": 0.109726,
        "nauc_recall_at_20_diff1": 0.729468,
        "nauc_recall_at_100_max": 0.817676,
        "nauc_recall_at_100_std": -0.105006,
        "nauc_recall_at_100_diff1": 0.772732,
        "nauc_recall_at_1000_max": NaN,
        "nauc_recall_at_1000_std": NaN,
        "nauc_recall_at_1000_diff1": NaN,
        "nauc_precision_at_1_max": 0.784434,
        "nauc_precision_at_1_std": -0.066122,
        "nauc_precision_at_1_diff1": 0.866471,
        "nauc_precision_at_3_max": 0.772631,
        "nauc_precision_at_3_std": 0.125909,
        "nauc_precision_at_3_diff1": 0.791267,
        "nauc_precision_at_5_max": 0.814343,
        "nauc_precision_at_5_std": 0.162452,
        "nauc_precision_at_5_diff1": 0.798258,
        "nauc_precision_at_10_max": 0.820584,
        "nauc_precision_at_10_std": 0.187342,
        "nauc_precision_at_10_diff1": 0.750964,
        "nauc_precision_at_20_max": 0.777812,
        "nauc_precision_at_20_std": 0.109726,
        "nauc_precision_at_20_diff1": 0.729468,
        "nauc_precision_at_100_max": 0.817676,
        "nauc_precision_at_100_std": -0.105006,
        "nauc_precision_at_100_diff1": 0.772732,
        "nauc_precision_at_1000_max": 1.0,
        "nauc_precision_at_1000_std": 1.0,
        "nauc_precision_at_1000_diff1": 1.0,
        "nauc_mrr_at_1_max": 0.784434,
        "nauc_mrr_at_1_std": -0.066122,
        "nauc_mrr_at_1_diff1": 0.866471,
        "nauc_mrr_at_3_max": 0.783026,
        "nauc_mrr_at_3_std": 0.019935,
        "nauc_mrr_at_3_diff1": 0.837111,
        "nauc_mrr_at_5_max": 0.792052,
        "nauc_mrr_at_5_std": 0.026849,
        "nauc_mrr_at_5_diff1": 0.839102,
        "nauc_mrr_at_10_max": 0.791898,
        "nauc_mrr_at_10_std": 0.027605,
        "nauc_mrr_at_10_diff1": 0.835204,
        "nauc_mrr_at_20_max": 0.789917,
        "nauc_mrr_at_20_std": 0.021787,
        "nauc_mrr_at_20_diff1": 0.836112,
        "nauc_mrr_at_100_max": 0.790093,
        "nauc_mrr_at_100_std": 0.019757,
        "nauc_mrr_at_100_diff1": 0.836921,
        "nauc_mrr_at_1000_max": 0.790094,
        "nauc_mrr_at_1000_std": 0.020006,
        "nauc_mrr_at_1000_diff1": 0.837019,
        "hit_rate_at_1": 0.65611,
        "hit_rate_at_3": 0.76471,
        "hit_rate_at_5": 0.77828,
        "hit_rate_at_10": 0.819,
        "hit_rate_at_20": 0.88688,
        "hit_rate_at_100": 0.97285,
        "hit_rate_at_1000": 1.0,
        "main_score": 0.74091,
        "hf_subset": "default",
        "languages": [
          "python-Code",
          "c++-Code"
        ],
        "mteb_version": "2.15.1"
      }
    ]
  },
  "evaluation_time": 17.749181512044743,
  "kg_co2_emissions": null,
  "date": 1781059306.003054,
  "evaluation_phases": [
    {
      "name": "Data loading",
      "start": 0.0004795920103788376,
      "end": 11.101004151045345,
      "split": "",
      "subset": ""
    },
    {
      "name": "Dataset transform",
      "start": 11.10101259406656,
      "end": 11.101014518993907,
      "split": "",
      "subset": ""
    },
    {
      "name": "Encoding queries and documents",
      "start": 11.104535944061354,
      "end": 17.635592308011837,
      "split": "test",
      "subset": "default"
    },
    {
      "name": "Scoring",
      "start": 17.636447089957073,
      "end": 17.744490882963873,
      "split": "test",
      "subset": "default"
    }
  ]
}