{
  "dataset_revision": "281562cb8a1265ab5c0824bfa6ddcd9b0a15618f",
  "task_name": "CodeTransOceanDL",
  "mteb_version": "2.15.1",
  "scores": {
    "test": [
      {
        "ndcg_at_1": 0.09444,
        "ndcg_at_3": 0.13843,
        "ndcg_at_5": 0.20205,
        "ndcg_at_10": 0.35802,
        "ndcg_at_20": 0.40815,
        "ndcg_at_100": 0.40815,
        "ndcg_at_1000": 0.40815,
        "map_at_1": 0.09444,
        "map_at_3": 0.12685,
        "map_at_5": 0.16324,
        "map_at_10": 0.22531,
        "map_at_20": 0.2411,
        "map_at_100": 0.2411,
        "map_at_1000": 0.2411,
        "recall_at_1": 0.09444,
        "recall_at_3": 0.17222,
        "recall_at_5": 0.32222,
        "recall_at_10": 0.81667,
        "recall_at_20": 1.0,
        "recall_at_100": 1.0,
        "recall_at_1000": 1.0,
        "accuracy": 0.09444,
        "precision_at_1": 0.09444,
        "precision_at_3": 0.05741,
        "precision_at_5": 0.06444,
        "precision_at_10": 0.08167,
        "precision_at_20": 0.05,
        "precision_at_100": 0.01,
        "precision_at_1000": 0.001,
        "mrr_at_1": 0.044444,
        "mrr_at_3": 0.109259,
        "mrr_at_5": 0.139537,
        "mrr_at_10": 0.203362,
        "mrr_at_20": 0.216956,
        "mrr_at_100": 0.216956,
        "mrr_at_1000": 0.216956,
        "nauc_ndcg_at_1_max": -0.403968,
        "nauc_ndcg_at_1_std": -0.123045,
        "nauc_ndcg_at_1_diff1": 0.526034,
        "nauc_ndcg_at_3_max": -0.461882,
        "nauc_ndcg_at_3_std": -0.105704,
        "nauc_ndcg_at_3_diff1": 0.372141,
        "nauc_ndcg_at_5_max": -0.332576,
        "nauc_ndcg_at_5_std": -0.099971,
        "nauc_ndcg_at_5_diff1": 0.375735,
        "nauc_ndcg_at_10_max": -0.307927,
        "nauc_ndcg_at_10_std": -0.122677,
        "nauc_ndcg_at_10_diff1": 0.468751,
        "nauc_ndcg_at_20_max": -0.379126,
        "nauc_ndcg_at_20_std": -0.111134,
        "nauc_ndcg_at_20_diff1": 0.397751,
        "nauc_ndcg_at_100_max": -0.379126,
        "nauc_ndcg_at_100_std": -0.111134,
        "nauc_ndcg_at_100_diff1": 0.397751,
        "nauc_ndcg_at_1000_max": -0.379126,
        "nauc_ndcg_at_1000_std": -0.111134,
        "nauc_ndcg_at_1000_diff1": 0.397751,
        "nauc_map_at_1_max": -0.403968,
        "nauc_map_at_1_std": -0.123045,
        "nauc_map_at_1_diff1": 0.526034,
        "nauc_map_at_3_max": -0.449584,
        "nauc_map_at_3_std": -0.109458,
        "nauc_map_at_3_diff1": 0.393435,
        "nauc_map_at_5_max": -0.364989,
        "nauc_map_at_5_std": -0.104035,
        "nauc_map_at_5_diff1": 0.393828,
        "nauc_map_at_10_max": -0.361835,
        "nauc_map_at_10_std": -0.114629,
        "nauc_map_at_10_diff1": 0.424247,
        "nauc_map_at_20_max": -0.385285,
        "nauc_map_at_20_std": -0.111167,
        "nauc_map_at_20_diff1": 0.403088,
        "nauc_map_at_100_max": -0.385285,
        "nauc_map_at_100_std": -0.111167,
        "nauc_map_at_100_diff1": 0.403088,
        "nauc_map_at_1000_max": -0.385285,
        "nauc_map_at_1000_std": -0.111167,
        "nauc_map_at_1000_diff1": 0.403088,
        "nauc_recall_at_1_max": -0.403968,
        "nauc_recall_at_1_std": -0.123045,
        "nauc_recall_at_1_diff1": 0.526034,
        "nauc_recall_at_3_max": -0.490263,
        "nauc_recall_at_3_std": -0.097018,
        "nauc_recall_at_3_diff1": 0.326412,
        "nauc_recall_at_5_max": -0.264081,
        "nauc_recall_at_5_std": -0.092935,
        "nauc_recall_at_5_diff1": 0.344126,
        "nauc_recall_at_10_max": -0.078438,
        "nauc_recall_at_10_std": -0.161989,
        "nauc_recall_at_10_diff1": 0.708706,
        "nauc_recall_at_20_max": NaN,
        "nauc_recall_at_20_std": NaN,
        "nauc_recall_at_20_diff1": NaN,
        "nauc_recall_at_100_max": NaN,
        "nauc_recall_at_100_std": NaN,
        "nauc_recall_at_100_diff1": NaN,
        "nauc_recall_at_1000_max": NaN,
        "nauc_recall_at_1000_std": NaN,
        "nauc_recall_at_1000_diff1": NaN,
        "nauc_precision_at_1_max": -0.403968,
        "nauc_precision_at_1_std": -0.123045,
        "nauc_precision_at_1_diff1": 0.526034,
        "nauc_precision_at_3_max": -0.490263,
        "nauc_precision_at_3_std": -0.097018,
        "nauc_precision_at_3_diff1": 0.326412,
        "nauc_precision_at_5_max": -0.264081,
        "nauc_precision_at_5_std": -0.092935,
        "nauc_precision_at_5_diff1": 0.344126,
        "nauc_precision_at_10_max": -0.078438,
        "nauc_precision_at_10_std": -0.161989,
        "nauc_precision_at_10_diff1": 0.708706,
        "nauc_precision_at_20_max": NaN,
        "nauc_precision_at_20_std": NaN,
        "nauc_precision_at_20_diff1": NaN,
        "nauc_precision_at_100_max": 1.0,
        "nauc_precision_at_100_std": 1.0,
        "nauc_precision_at_100_diff1": 1.0,
        "nauc_precision_at_1000_max": 1.0,
        "nauc_precision_at_1000_std": 1.0,
        "nauc_precision_at_1000_diff1": 1.0,
        "nauc_mrr_at_1_max": -0.468406,
        "nauc_mrr_at_1_std": -0.097733,
        "nauc_mrr_at_1_diff1": 0.246378,
        "nauc_mrr_at_3_max": -0.366183,
        "nauc_mrr_at_3_std": -0.046549,
        "nauc_mrr_at_3_diff1": -0.024642,
        "nauc_mrr_at_5_max": -0.347915,
        "nauc_mrr_at_5_std": -0.060282,
        "nauc_mrr_at_5_diff1": -0.032155,
        "nauc_mrr_at_10_max": -0.309727,
        "nauc_mrr_at_10_std": -0.081311,
        "nauc_mrr_at_10_diff1": -0.042576,
        "nauc_mrr_at_20_max": -0.344578,
        "nauc_mrr_at_20_std": -0.06724,
        "nauc_mrr_at_20_diff1": -0.002778,
        "nauc_mrr_at_100_max": -0.344578,
        "nauc_mrr_at_100_std": -0.06724,
        "nauc_mrr_at_100_diff1": -0.002778,
        "nauc_mrr_at_1000_max": -0.344578,
        "nauc_mrr_at_1000_std": -0.06724,
        "nauc_mrr_at_1000_diff1": -0.002778,
        "hit_rate_at_1": 0.09444,
        "hit_rate_at_3": 0.17222,
        "hit_rate_at_5": 0.32222,
        "hit_rate_at_10": 0.81667,
        "hit_rate_at_20": 1.0,
        "hit_rate_at_100": 1.0,
        "hit_rate_at_1000": 1.0,
        "main_score": 0.35802,
        "hf_subset": "default",
        "languages": [
          "python-Code"
        ],
        "mteb_version": "2.15.1"
      }
    ]
  },
  "evaluation_time": 15.886761675938033,
  "kg_co2_emissions": null,
  "date": 1781059321.8936,
  "evaluation_phases": [
    {
      "name": "Data loading",
      "start": 0.0005582590820267797,
      "end": 10.03265090205241,
      "split": "",
      "subset": ""
    },
    {
      "name": "Dataset transform",
      "start": 10.032660447061062,
      "end": 10.03266193100717,
      "split": "",
      "subset": ""
    },
    {
      "name": "Encoding queries and documents",
      "start": 10.036202611983754,
      "end": 15.794551935046911,
      "split": "test",
      "subset": "default"
    },
    {
      "name": "Scoring",
      "start": 15.795457013999112,
      "end": 15.881912534008734,
      "split": "test",
      "subset": "default"
    }
  ]
}