{
  "dataset_revision": "bc5efb7e9d437246ce393ed19d772e08e4a79535",
  "task_name": "CosQA",
  "mteb_version": "2.15.1",
  "scores": {
    "test": [
      {
        "ndcg_at_1": 0.174,
        "ndcg_at_3": 0.28857,
        "ndcg_at_5": 0.36232,
        "ndcg_at_10": 0.41207,
        "ndcg_at_20": 0.44243,
        "ndcg_at_100": 0.46655,
        "ndcg_at_1000": 0.47272,
        "map_at_1": 0.174,
        "map_at_3": 0.258,
        "map_at_5": 0.2987,
        "map_at_10": 0.31958,
        "map_at_20": 0.32792,
        "map_at_100": 0.3317,
        "map_at_1000": 0.33198,
        "recall_at_1": 0.174,
        "recall_at_3": 0.378,
        "recall_at_5": 0.558,
        "recall_at_10": 0.71,
        "recall_at_20": 0.83,
        "recall_at_100": 0.954,
        "recall_at_1000": 1.0,
        "accuracy": 0.174,
        "precision_at_1": 0.174,
        "precision_at_3": 0.126,
        "precision_at_5": 0.1116,
        "precision_at_10": 0.071,
        "precision_at_20": 0.0415,
        "precision_at_100": 0.00954,
        "precision_at_1000": 0.001,
        "mrr_at_1": 0.142,
        "mrr_at_3": 0.220667,
        "mrr_at_5": 0.246267,
        "mrr_at_10": 0.277256,
        "mrr_at_20": 0.287512,
        "mrr_at_100": 0.291333,
        "mrr_at_1000": 0.291634,
        "nauc_ndcg_at_1_max": 0.103152,
        "nauc_ndcg_at_1_std": -0.063844,
        "nauc_ndcg_at_1_diff1": 0.386483,
        "nauc_ndcg_at_3_max": 0.201637,
        "nauc_ndcg_at_3_std": -0.035949,
        "nauc_ndcg_at_3_diff1": 0.290062,
        "nauc_ndcg_at_5_max": 0.258249,
        "nauc_ndcg_at_5_std": -0.032304,
        "nauc_ndcg_at_5_diff1": 0.244266,
        "nauc_ndcg_at_10_max": 0.285945,
        "nauc_ndcg_at_10_std": -0.031461,
        "nauc_ndcg_at_10_diff1": 0.242434,
        "nauc_ndcg_at_20_max": 0.280137,
        "nauc_ndcg_at_20_std": -0.009968,
        "nauc_ndcg_at_20_diff1": 0.237665,
        "nauc_ndcg_at_100_max": 0.243986,
        "nauc_ndcg_at_100_std": -0.034129,
        "nauc_ndcg_at_100_diff1": 0.259194,
        "nauc_ndcg_at_1000_max": 0.236574,
        "nauc_ndcg_at_1000_std": -0.031845,
        "nauc_ndcg_at_1000_diff1": 0.267548,
        "nauc_map_at_1_max": 0.103152,
        "nauc_map_at_1_std": -0.063844,
        "nauc_map_at_1_diff1": 0.386483,
        "nauc_map_at_3_max": 0.178378,
        "nauc_map_at_3_std": -0.042312,
        "nauc_map_at_3_diff1": 0.310203,
        "nauc_map_at_5_max": 0.209909,
        "nauc_map_at_5_std": -0.041182,
        "nauc_map_at_5_diff1": 0.284298,
        "nauc_map_at_10_max": 0.220425,
        "nauc_map_at_10_std": -0.040596,
        "nauc_map_at_10_diff1": 0.283908,
        "nauc_map_at_20_max": 0.217617,
        "nauc_map_at_20_std": -0.035272,
        "nauc_map_at_20_diff1": 0.283845,
        "nauc_map_at_100_max": 0.211829,
        "nauc_map_at_100_std": -0.038707,
        "nauc_map_at_100_diff1": 0.287104,
        "nauc_map_at_1000_max": 0.211574,
        "nauc_map_at_1000_std": -0.038506,
        "nauc_map_at_1000_diff1": 0.287438,
        "nauc_recall_at_1_max": 0.103152,
        "nauc_recall_at_1_std": -0.063844,
        "nauc_recall_at_1_diff1": 0.386483,
        "nauc_recall_at_3_max": 0.259546,
        "nauc_recall_at_3_std": -0.020176,
        "nauc_recall_at_3_diff1": 0.240718,
        "nauc_recall_at_5_max": 0.393749,
        "nauc_recall_at_5_std": -0.007467,
        "nauc_recall_at_5_diff1": 0.133524,
        "nauc_recall_at_10_max": 0.52483,
        "nauc_recall_at_10_std": -0.000423,
        "nauc_recall_at_10_diff1": 0.09942,
        "nauc_recall_at_20_max": 0.621774,
        "nauc_recall_at_20_std": 0.152563,
        "nauc_recall_at_20_diff1": -0.014849,
        "nauc_recall_at_100_max": 0.537409,
        "nauc_recall_at_100_std": -0.083262,
        "nauc_recall_at_100_diff1": -0.060995,
        "nauc_recall_at_1000_max": NaN,
        "nauc_recall_at_1000_std": NaN,
        "nauc_recall_at_1000_diff1": NaN,
        "nauc_precision_at_1_max": 0.103152,
        "nauc_precision_at_1_std": -0.063844,
        "nauc_precision_at_1_diff1": 0.386483,
        "nauc_precision_at_3_max": 0.259546,
        "nauc_precision_at_3_std": -0.020176,
        "nauc_precision_at_3_diff1": 0.240718,
        "nauc_precision_at_5_max": 0.393749,
        "nauc_precision_at_5_std": -0.007467,
        "nauc_precision_at_5_diff1": 0.133524,
        "nauc_precision_at_10_max": 0.52483,
        "nauc_precision_at_10_std": -0.000423,
        "nauc_precision_at_10_diff1": 0.09942,
        "nauc_precision_at_20_max": 0.621774,
        "nauc_precision_at_20_std": 0.152563,
        "nauc_precision_at_20_diff1": -0.014849,
        "nauc_precision_at_100_max": 0.537409,
        "nauc_precision_at_100_std": -0.083262,
        "nauc_precision_at_100_diff1": -0.060995,
        "nauc_precision_at_1000_max": 1.0,
        "nauc_precision_at_1000_std": 1.0,
        "nauc_precision_at_1000_diff1": 1.0,
        "nauc_mrr_at_1_max": 0.154071,
        "nauc_mrr_at_1_std": -0.148734,
        "nauc_mrr_at_1_diff1": 0.470727,
        "nauc_mrr_at_3_max": 0.13222,
        "nauc_mrr_at_3_std": -0.16967,
        "nauc_mrr_at_3_diff1": 0.357278,
        "nauc_mrr_at_5_max": 0.16019,
        "nauc_mrr_at_5_std": -0.17398,
        "nauc_mrr_at_5_diff1": 0.336801,
        "nauc_mrr_at_10_max": 0.188754,
        "nauc_mrr_at_10_std": -0.155563,
        "nauc_mrr_at_10_diff1": 0.339468,
        "nauc_mrr_at_20_max": 0.189352,
        "nauc_mrr_at_20_std": -0.148541,
        "nauc_mrr_at_20_diff1": 0.338083,
        "nauc_mrr_at_100_max": 0.183904,
        "nauc_mrr_at_100_std": -0.153194,
        "nauc_mrr_at_100_diff1": 0.342345,
        "nauc_mrr_at_1000_max": 0.183549,
        "nauc_mrr_at_1000_std": -0.15303,
        "nauc_mrr_at_1000_diff1": 0.342775,
        "hit_rate_at_1": 0.174,
        "hit_rate_at_3": 0.378,
        "hit_rate_at_5": 0.558,
        "hit_rate_at_10": 0.71,
        "hit_rate_at_20": 0.83,
        "hit_rate_at_100": 0.954,
        "hit_rate_at_1000": 1.0,
        "main_score": 0.41207,
        "hf_subset": "default",
        "languages": [
          "eng-Latn",
          "python-Code"
        ],
        "mteb_version": "2.15.1"
      }
    ]
  },
  "evaluation_time": 30.342034489964135,
  "kg_co2_emissions": null,
  "date": 1781059355.574257,
  "evaluation_phases": [
    {
      "name": "Data loading",
      "start": 0.000390170025639236,
      "end": 10.127402829937637,
      "split": "",
      "subset": ""
    },
    {
      "name": "Dataset transform",
      "start": 10.12741208798252,
      "end": 10.12741344596725,
      "split": "",
      "subset": ""
    },
    {
      "name": "Encoding queries and documents",
      "start": 10.132363560027443,
      "end": 30.08975007396657,
      "split": "test",
      "subset": "default"
    },
    {
      "name": "Scoring",
      "start": 30.09062500996515,
      "end": 30.334407937014475,
      "split": "test",
      "subset": "default"
    }
  ]
}