{
  "dataset_revision": "7b46f5ebd2365278c1bb025986dda2fee893bbf5",
  "task_name": "StackOverflowQA",
  "mteb_version": "2.15.1",
  "scores": {
    "test": [
      {
        "ndcg_at_1": 0.79639,
        "ndcg_at_3": 0.84164,
        "ndcg_at_5": 0.85118,
        "ndcg_at_10": 0.86031,
        "ndcg_at_20": 0.86614,
        "ndcg_at_100": 0.87192,
        "ndcg_at_1000": 0.87425,
        "map_at_1": 0.79639,
        "map_at_3": 0.83058,
        "map_at_5": 0.83589,
        "map_at_10": 0.8397,
        "map_at_20": 0.84129,
        "map_at_100": 0.84213,
        "map_at_1000": 0.84222,
        "recall_at_1": 0.79639,
        "recall_at_3": 0.87362,
        "recall_at_5": 0.89669,
        "recall_at_10": 0.92477,
        "recall_at_20": 0.94784,
        "recall_at_100": 0.97844,
        "recall_at_1000": 0.99649,
        "accuracy": 0.79639,
        "precision_at_1": 0.79639,
        "precision_at_3": 0.29121,
        "precision_at_5": 0.17934,
        "precision_at_10": 0.09248,
        "precision_at_20": 0.04739,
        "precision_at_100": 0.00978,
        "precision_at_1000": 0.001,
        "mrr_at_1": 0.796389,
        "mrr_at_3": 0.830575,
        "mrr_at_5": 0.835891,
        "mrr_at_10": 0.839696,
        "mrr_at_20": 0.841292,
        "mrr_at_100": 0.84213,
        "mrr_at_1000": 0.842223,
        "nauc_ndcg_at_1_max": 0.834531,
        "nauc_ndcg_at_1_std": 0.02202,
        "nauc_ndcg_at_1_diff1": 0.894103,
        "nauc_ndcg_at_3_max": 0.83675,
        "nauc_ndcg_at_3_std": 0.026667,
        "nauc_ndcg_at_3_diff1": 0.87435,
        "nauc_ndcg_at_5_max": 0.830526,
        "nauc_ndcg_at_5_std": 0.029125,
        "nauc_ndcg_at_5_diff1": 0.869687,
        "nauc_ndcg_at_10_max": 0.832813,
        "nauc_ndcg_at_10_std": 0.043198,
        "nauc_ndcg_at_10_diff1": 0.869716,
        "nauc_ndcg_at_20_max": 0.834549,
        "nauc_ndcg_at_20_std": 0.048029,
        "nauc_ndcg_at_20_diff1": 0.872989,
        "nauc_ndcg_at_100_max": 0.835651,
        "nauc_ndcg_at_100_std": 0.047871,
        "nauc_ndcg_at_100_diff1": 0.87566,
        "nauc_ndcg_at_1000_max": 0.835446,
        "nauc_ndcg_at_1000_std": 0.039685,
        "nauc_ndcg_at_1000_diff1": 0.876531,
        "nauc_map_at_1_max": 0.834531,
        "nauc_map_at_1_std": 0.02202,
        "nauc_map_at_1_diff1": 0.894103,
        "nauc_map_at_3_max": 0.836646,
        "nauc_map_at_3_std": 0.026212,
        "nauc_map_at_3_diff1": 0.880251,
        "nauc_map_at_5_max": 0.833588,
        "nauc_map_at_5_std": 0.027906,
        "nauc_map_at_5_diff1": 0.878117,
        "nauc_map_at_10_max": 0.834587,
        "nauc_map_at_10_std": 0.032744,
        "nauc_map_at_10_diff1": 0.878414,
        "nauc_map_at_20_max": 0.835032,
        "nauc_map_at_20_std": 0.033801,
        "nauc_map_at_20_diff1": 0.879303,
        "nauc_map_at_100_max": 0.835177,
        "nauc_map_at_100_std": 0.033648,
        "nauc_map_at_100_diff1": 0.879675,
        "nauc_map_at_1000_max": 0.835171,
        "nauc_map_at_1000_std": 0.033356,
        "nauc_map_at_1000_diff1": 0.879706,
        "nauc_recall_at_1_max": 0.834531,
        "nauc_recall_at_1_std": 0.02202,
        "nauc_recall_at_1_diff1": 0.894103,
        "nauc_recall_at_3_max": 0.836856,
        "nauc_recall_at_3_std": 0.027906,
        "nauc_recall_at_3_diff1": 0.852034,
        "nauc_recall_at_5_max": 0.815325,
        "nauc_recall_at_5_std": 0.033522,
        "nauc_recall_at_5_diff1": 0.831665,
        "nauc_recall_at_10_max": 0.821287,
        "nauc_recall_at_10_std": 0.11484,
        "nauc_recall_at_10_diff1": 0.816991,
        "nauc_recall_at_20_max": 0.832459,
        "nauc_recall_at_20_std": 0.191926,
        "nauc_recall_at_20_diff1": 0.824517,
        "nauc_recall_at_100_max": 0.861856,
        "nauc_recall_at_100_std": 0.398646,
        "nauc_recall_at_100_diff1": 0.833414,
        "nauc_recall_at_1000_max": 0.94399,
        "nauc_recall_at_1000_std": 0.112967,
        "nauc_recall_at_1000_diff1": 0.843617,
        "nauc_precision_at_1_max": 0.834531,
        "nauc_precision_at_1_std": 0.02202,
        "nauc_precision_at_1_diff1": 0.894103,
        "nauc_precision_at_3_max": 0.836856,
        "nauc_precision_at_3_std": 0.027906,
        "nauc_precision_at_3_diff1": 0.852034,
        "nauc_precision_at_5_max": 0.815325,
        "nauc_precision_at_5_std": 0.033522,
        "nauc_precision_at_5_diff1": 0.831665,
        "nauc_precision_at_10_max": 0.821287,
        "nauc_precision_at_10_std": 0.11484,
        "nauc_precision_at_10_diff1": 0.816991,
        "nauc_precision_at_20_max": 0.832459,
        "nauc_precision_at_20_std": 0.191926,
        "nauc_precision_at_20_diff1": 0.824517,
        "nauc_precision_at_100_max": 0.861856,
        "nauc_precision_at_100_std": 0.398646,
        "nauc_precision_at_100_diff1": 0.833414,
        "nauc_precision_at_1000_max": 0.94399,
        "nauc_precision_at_1000_std": 0.112967,
        "nauc_precision_at_1000_diff1": 0.843617,
        "nauc_mrr_at_1_max": 0.834531,
        "nauc_mrr_at_1_std": 0.02202,
        "nauc_mrr_at_1_diff1": 0.894103,
        "nauc_mrr_at_3_max": 0.836646,
        "nauc_mrr_at_3_std": 0.026212,
        "nauc_mrr_at_3_diff1": 0.880251,
        "nauc_mrr_at_5_max": 0.833588,
        "nauc_mrr_at_5_std": 0.027906,
        "nauc_mrr_at_5_diff1": 0.878117,
        "nauc_mrr_at_10_max": 0.834587,
        "nauc_mrr_at_10_std": 0.032744,
        "nauc_mrr_at_10_diff1": 0.878414,
        "nauc_mrr_at_20_max": 0.835032,
        "nauc_mrr_at_20_std": 0.033801,
        "nauc_mrr_at_20_diff1": 0.879303,
        "nauc_mrr_at_100_max": 0.835177,
        "nauc_mrr_at_100_std": 0.033648,
        "nauc_mrr_at_100_diff1": 0.879675,
        "nauc_mrr_at_1000_max": 0.835171,
        "nauc_mrr_at_1000_std": 0.033356,
        "nauc_mrr_at_1000_diff1": 0.879706,
        "hit_rate_at_1": 0.79639,
        "hit_rate_at_3": 0.87362,
        "hit_rate_at_5": 0.89669,
        "hit_rate_at_10": 0.92477,
        "hit_rate_at_20": 0.94784,
        "hit_rate_at_100": 0.97844,
        "hit_rate_at_1000": 0.99649,
        "main_score": 0.86031,
        "hf_subset": "default",
        "languages": [
          "eng-Latn"
        ],
        "mteb_version": "2.15.1"
      }
    ]
  },
  "evaluation_time": 93.77955637406558,
  "kg_co2_emissions": null,
  "date": 1781059459.366816,
  "evaluation_phases": [
    {
      "name": "Data loading",
      "start": 0.0003575360169634223,
      "end": 11.117713929968886,
      "split": "",
      "subset": ""
    },
    {
      "name": "Dataset transform",
      "start": 11.117722194991075,
      "end": 11.117723305011168,
      "split": "",
      "subset": ""
    },
    {
      "name": "Encoding queries and documents",
      "start": 11.128746408969164,
      "end": 93.02053301304113,
      "split": "test",
      "subset": "default"
    },
    {
      "name": "Scoring",
      "start": 93.02148169698194,
      "end": 93.75836488301866,
      "split": "test",
      "subset": "default"
    }
  ]
}