{
  "dataset_revision": "686b87296c3a0191b5d9415a00526c62db9fce09",
  "task_name": "SyntheticText2SQL",
  "mteb_version": "2.15.1",
  "scores": {
    "test": [
      {
        "ndcg_at_1": 0.18681,
        "ndcg_at_3": 0.67062,
        "ndcg_at_5": 0.68063,
        "ndcg_at_10": 0.68354,
        "ndcg_at_20": 0.68421,
        "ndcg_at_100": 0.68452,
        "ndcg_at_1000": 0.68454,
        "map_at_1": 0.18681,
        "map_at_3": 0.56745,
        "map_at_5": 0.5731,
        "map_at_10": 0.57433,
        "map_at_20": 0.57452,
        "map_at_100": 0.57456,
        "map_at_1000": 0.57456,
        "recall_at_1": 0.18681,
        "recall_at_3": 0.96274,
        "recall_at_5": 0.98667,
        "recall_at_10": 0.99556,
        "recall_at_20": 0.99812,
        "recall_at_100": 0.99983,
        "recall_at_1000": 1.0,
        "accuracy": 0.18681,
        "precision_at_1": 0.18681,
        "precision_at_3": 0.32091,
        "precision_at_5": 0.19733,
        "precision_at_10": 0.09956,
        "precision_at_20": 0.04991,
        "precision_at_100": 0.01,
        "precision_at_1000": 0.001,
        "mrr_at_1": 0.584345,
        "mrr_at_3": 0.774027,
        "mrr_at_5": 0.777727,
        "mrr_at_10": 0.778829,
        "mrr_at_20": 0.778999,
        "mrr_at_100": 0.77904,
        "mrr_at_1000": 0.77904,
        "nauc_ndcg_at_1_max": 0.003083,
        "nauc_ndcg_at_1_std": -0.098741,
        "nauc_ndcg_at_1_diff1": 0.598509,
        "nauc_ndcg_at_3_max": 0.073414,
        "nauc_ndcg_at_3_std": -0.23835,
        "nauc_ndcg_at_3_diff1": 0.206327,
        "nauc_ndcg_at_5_max": 0.053663,
        "nauc_ndcg_at_5_std": -0.193625,
        "nauc_ndcg_at_5_diff1": 0.309517,
        "nauc_ndcg_at_10_max": 0.049023,
        "nauc_ndcg_at_10_std": -0.174754,
        "nauc_ndcg_at_10_diff1": 0.350447,
        "nauc_ndcg_at_20_max": 0.046736,
        "nauc_ndcg_at_20_std": -0.17176,
        "nauc_ndcg_at_20_diff1": 0.359162,
        "nauc_ndcg_at_100_max": 0.044704,
        "nauc_ndcg_at_100_std": -0.172645,
        "nauc_ndcg_at_100_diff1": 0.363482,
        "nauc_ndcg_at_1000_max": 0.044562,
        "nauc_ndcg_at_1000_std": -0.172819,
        "nauc_ndcg_at_1000_diff1": 0.363706,
        "nauc_map_at_1_max": 0.003083,
        "nauc_map_at_1_std": -0.098741,
        "nauc_map_at_1_diff1": 0.598509,
        "nauc_map_at_3_max": 0.052113,
        "nauc_map_at_3_std": -0.194541,
        "nauc_map_at_3_diff1": 0.318503,
        "nauc_map_at_5_max": 0.042774,
        "nauc_map_at_5_std": -0.173937,
        "nauc_map_at_5_diff1": 0.367108,
        "nauc_map_at_10_max": 0.041239,
        "nauc_map_at_10_std": -0.167812,
        "nauc_map_at_10_diff1": 0.380613,
        "nauc_map_at_20_max": 0.040701,
        "nauc_map_at_20_std": -0.167219,
        "nauc_map_at_20_diff1": 0.382594,
        "nauc_map_at_100_max": 0.040521,
        "nauc_map_at_100_std": -0.16729,
        "nauc_map_at_100_diff1": 0.382996,
        "nauc_map_at_1000_max": 0.04052,
        "nauc_map_at_1000_std": -0.167292,
        "nauc_map_at_1000_diff1": 0.382998,
        "nauc_recall_at_1_max": 0.003083,
        "nauc_recall_at_1_std": -0.098741,
        "nauc_recall_at_1_diff1": 0.598509,
        "nauc_recall_at_3_max": 0.329219,
        "nauc_recall_at_3_std": -0.76815,
        "nauc_recall_at_3_diff1": -1.124856,
        "nauc_recall_at_5_max": 0.364504,
        "nauc_recall_at_5_std": -0.74052,
        "nauc_recall_at_5_diff1": -1.289037,
        "nauc_recall_at_10_max": 0.608578,
        "nauc_recall_at_10_std": -0.312874,
        "nauc_recall_at_10_diff1": -1.203989,
        "nauc_recall_at_20_max": 0.845971,
        "nauc_recall_at_20_std": 0.252308,
        "nauc_recall_at_20_diff1": -1.276741,
        "nauc_recall_at_100_max": 1.0,
        "nauc_recall_at_100_std": 1.0,
        "nauc_recall_at_100_diff1": -1.151942,
        "nauc_recall_at_1000_max": NaN,
        "nauc_recall_at_1000_std": NaN,
        "nauc_recall_at_1000_diff1": NaN,
        "nauc_precision_at_1_max": 0.003083,
        "nauc_precision_at_1_std": -0.098741,
        "nauc_precision_at_1_diff1": 0.598509,
        "nauc_precision_at_3_max": 0.329219,
        "nauc_precision_at_3_std": -0.76815,
        "nauc_precision_at_3_diff1": -1.124856,
        "nauc_precision_at_5_max": 0.364504,
        "nauc_precision_at_5_std": -0.74052,
        "nauc_precision_at_5_diff1": -1.289037,
        "nauc_precision_at_10_max": 0.608578,
        "nauc_precision_at_10_std": -0.312874,
        "nauc_precision_at_10_diff1": -1.203989,
        "nauc_precision_at_20_max": 0.845971,
        "nauc_precision_at_20_std": 0.252308,
        "nauc_precision_at_20_diff1": -1.276741,
        "nauc_precision_at_100_max": 1.0,
        "nauc_precision_at_100_std": 1.0,
        "nauc_precision_at_100_diff1": -1.151942,
        "nauc_precision_at_1000_max": NaN,
        "nauc_precision_at_1000_std": NaN,
        "nauc_precision_at_1000_diff1": NaN,
        "nauc_mrr_at_1_max": 0.031847,
        "nauc_mrr_at_1_std": -0.114564,
        "nauc_mrr_at_1_diff1": -0.243805,
        "nauc_mrr_at_3_max": 0.062793,
        "nauc_mrr_at_3_std": -0.178937,
        "nauc_mrr_at_3_diff1": -0.340463,
        "nauc_mrr_at_5_max": 0.057041,
        "nauc_mrr_at_5_std": -0.163538,
        "nauc_mrr_at_5_diff1": -0.32392,
        "nauc_mrr_at_10_max": 0.055261,
        "nauc_mrr_at_10_std": -0.159279,
        "nauc_mrr_at_10_diff1": -0.317333,
        "nauc_mrr_at_20_max": 0.054942,
        "nauc_mrr_at_20_std": -0.158633,
        "nauc_mrr_at_20_diff1": -0.316546,
        "nauc_mrr_at_100_max": 0.054782,
        "nauc_mrr_at_100_std": -0.158695,
        "nauc_mrr_at_100_diff1": -0.316344,
        "nauc_mrr_at_1000_max": 0.054781,
        "nauc_mrr_at_1000_std": -0.158696,
        "nauc_mrr_at_1000_diff1": -0.316343,
        "hit_rate_at_1": 0.18681,
        "hit_rate_at_3": 0.96274,
        "hit_rate_at_5": 0.98667,
        "hit_rate_at_10": 0.99556,
        "hit_rate_at_20": 0.99812,
        "hit_rate_at_100": 0.99983,
        "hit_rate_at_1000": 1.0,
        "main_score": 0.68354,
        "hf_subset": "default",
        "languages": [
          "eng-Latn",
          "sql-Code"
        ],
        "mteb_version": "2.15.1"
      }
    ]
  },
  "evaluation_time": 77.98728291201405,
  "kg_co2_emissions": null,
  "date": 1781059547.3567,
  "evaluation_phases": [
    {
      "name": "Data loading",
      "start": 0.0003684420371428132,
      "end": 11.998478314024396,
      "split": "",
      "subset": ""
    },
    {
      "name": "Dataset transform",
      "start": 11.998489866033196,
      "end": 11.998491529026069,
      "split": "",
      "subset": ""
    },
    {
      "name": "Encoding queries and documents",
      "start": 12.02752523496747,
      "end": 75.039548862027,
      "split": "test",
      "subset": "default"
    },
    {
      "name": "Scoring",
      "start": 75.04045396693982,
      "end": 77.90476335701533,
      "split": "test",
      "subset": "default"
    }
  ]
}